name, username, id, followings
Amanda Holpuch, holpuch, 55020165, 3398
Nadja Popovich, PopovichN, 102115921, 6532
Coral Murphy Marcos, coralmerfi, 766294609882406912, 1809
Emma Goldberg, emmabgo, 608616316, 8298
Christine Chung, chrisychung, 883578990, 7165
Jenny Gross, jggross, 116581134, 4084
Neil Vigdor, gettinviggy, 36602046, 5472
Isabella Kwai, BellaKwai, 950864461, 6469
Jeff Mays, JeffCMays, 247410609, 8477
Priya Krishna, priyakrishna, 1289613978, 87329
Stefanos Chen, stefanoschen, 23111612, 5775
jessica testa, jtes, 20121682, 11452
Michael Levenson, mlevenson, 49033103, 9381
Shawn Hubler, ShawnHubler, 2828876503, 4422
Eric Kim, ericjoonho, 939545678514188290, 9799
Emmanuel Morgan, _EmmanuelMorgan, 3578489052, 2587
Jesus Jim√©nez, jesus_jimz, 147077615, 7979
Julian E. Barnes, julianbarnes, 50406326, 34984
Aman Batheja, amanbatheja, 14716058, 15897
Catie Edmondson, CatieEdmondson, 2235224052, 6856
Ed Shanahan, edkshanahan, 275166412, 741
Soumya, skarlamangla, 244701234, 32064
Liz Day, LizDDay, 65210964, 14533
Luke Broadwater‚òÄÔ∏è, lukebroadwater, 26756955, 25905
Michael Rothfeld, mrothfeld, 54356940, 7628
Katie Robertson, katie_robertson, 26460562, 12045
Sameer Yasir, sameeryasir, 253086023, 17095
Dana Rubinstein, danarubinstein, 90746345, 26392
V√≠ctor Manuel Ramos, vmramos, 16458072, 7723
Mar√≠a S√°nchez D√≠ez, mimapamundi, 19232807, 7082
Charanna Alexander, charannaNYT, 1268537743493214210, 591
Christina Morales, Christina_M18, 825539718293155842, 3006
Carole Sabouraud, CaroleSabouraud, 1100877700204359681, 144
Eleanore Park Î∞ïÌòúÏ£º, eleanorehpark, 22118882, 2852
Stella Bugbee, stellabugbee, 56506548, 20635
Karl Delossantos, karl_delo, 75586944, 1142
Charlie Brinkhurst-Cuff, CharlieBCuff, 823186861, 30919
Anatoly Kurmanaev, AKurmanaev, 1017609582, 41829
tiffany harness, harnesst, 19742295, 279
Lananh Nguyen, LananhTNguyen, 316509947, 6608
Jake Lucas, JakeDLucas, 820436168, 394
Mukul Devichand, MukulDevichand, 115599658, 3786
Ryan Mac üôÉ, RMac18, 47191293, 66093
Vjosa Isai, LaVjosa, 834558570, 1969
cora engelbrecht, CoraEngelbrecht, 1115643680, 1064
Kara Swisher, karaswisher, 5763262, 1439774
Rebecca Robbins, RebeccaDRobbins, 368158573, 23804
aleissa bleyl, aleissableyl, 546678275, 642
Kellen Browning, Kellen_Browning, 3291679891, 7061
Anjali Singhvi, singhvianjali, 4922237685, 1907
Erin Schaff, erinschaff, 50188272, 33682
Emily Cochrane, ESCochrane, 2293900364, 32790
Jamie Stockwell, jamiestockwell, 16259275, 5103
giovanni russonello, GioRussonello, 2417990774, 3673
Ren√°n Borelli, renan, 14615273, 3304
Nicholas Bogel-Burroughs, NickAtNews, 3171906881, 8486
Lindsey Wiebe, lindseywiebe, 10004672, 7142
Christine Liang, csmliang, 41153566, 771
Sharon Attia, emmasroommate, 3059529677, 375
Priya Arora, thepriyaarora, 1705806702, 2436
Lucky Benson, TheLuckyBenson, 377500935, 357
Jacob Meschke, jacobmeschke, 2796793695, 708
EverQueen Mason, EverdeenMason, 36672071, 3620
Mara Gay, MaraGay, 38428725, 132569
Amy Julia Harris, amyjharris, 110371258, 6087
Mike Baker, ByMikeBaker, 178065733, 86674
New York Times Arts, nytimesarts, 1440641, 2708813
isabella grull√≥n paz, igrullonpaz, 1880511938, 3074
Ruth Maclean, ruthmaclean, 21454129, 21463
Apoorva Mandavilli, apoorva_nyc, 29780473, 57821
Lauretta Charlton, laurettaland, 154358443, 9987
Jason DeParle, JasonDeParle, 312206488, 2892
Sarah Kliff, sarahkliff, 19734832, 153719
Jill Cowan, JillCowan, 356001513, 8686
Sarah Kerr, sskerrr, 575819005, 1296
Taylor Lorenz--- AWAY ON BOOK LEAVE, TaylorLorenz, 208725869, 246041
Zolan Kanno-Youngs, KannoYoungs, 1059273936, 25079
Tariro Mzezewa, tariro, 228177391, 7125
Kurt Streeter, kurtstreeter, 18998006, 5838
Fahim Abed, fahimabed, 332746236, 16910
Anupreeta Das, PreetaTweets, 21907474, 15968
cganz, mehpatrol, 128400813, 6054
Mark Scheffler, markscheffler, 46920136, 5170
Malachy Browne, malachybrowne, 23583267, 27364
Steven Kurutz, skurutz, 130826610, 2062
Sean Plambeck, SeanPlambeck, 1116792048, 589
Scott Dodd, scottdodd, 15740362, 4534
Eliza Shapiro, elizashapiro, 119478339, 39944
Lisa Lerer, llerer, 12670512, 31873
Tejal Rao, tejalrao, 44393707, 33346
Ali Watkins, AliWatkins, 146252766, 38642
Lindsey Rogers Cook, Lindzcook, 133751142, 3200
Sheila Kaplan, BySheilaKaplan, 86454370, 6480
Jesse Drucker, JesseDrucker, 322658160, 15374
Reed Abelson, ReedAbelson, 1102019810, 11923
Lindsey Underwood, thunderwooddd, 24260945, 9303
Emma Bubola, EmmaBubola, 2291292169, 1137
Jesse Pesta, JessePesta, 180779399, 9547
Randy Pennell, randypennell, 183777696, 456
Daisuke Wakabayashi, daiwaka, 14805740, 22383
Vivian Wang, vwang3, 121590611, 13547
Jake Grovum, jgrovum, 16115811, 5134
Carlos Tejada, CRTejada, 36974383, 18336
Ben Smith, benyt, 9532402, 343585
Ben Dooley, BenjaminDooley, 305130750, 5443
Sui-Lee Wee ÈªÑÁëûÈªé, suilee, 97650875, 94006
Matina Stevis-Gridneff, MatinaStevis, 97268285, 73798
New York Times World, nytimesworld, 1877831, 2119174
Maria Cramer, NYTimesCramer, 140897494, 9340
Peter Eavis, uwsgeezer, 926235704769892352, 3530
David Enrich, davidenrich, 185270017, 56288
Mary Williams Walsh, marywalshjourno, 1314147391, 2274
Keith Collins, collinskeith, 29362876, 3987
Johnny Diaz, johnnydiaz__, 130297768, 2764
New York Times Run Club, timesrunclub, 1116562680607846400, 879
Christopher Flavelle, cflav, 242893326, 17516
Aimee Ortiz, aimee_ortiz, 373214555, 2316
Sandra E. Garcia, S_Evangelina, 379248303, 20998
Shane Goldmacher, ShaneGoldmacher, 23232204, 73310
Kashmir Hill, kashhill, 25160944, 269302
Anton Troianovski, antontroian, 76773876, 23964
Kyle Buchanan, kylebuchanan, 33466150, 59045
NYT Sports, NYTSports, 1766701, 99796
Elian Peltier, ElianPeltier, 176478023, 6243
erin griffith, eringriffith, 16261707, 74703
Emily Flitter, FlitterOnFraud, 624774427, 18681
Gillian Wong / ÈªÑÊï¨ÈæÑ, gillianwong, 15848824, 76465
Natalie Kitroeff, Nataliekitro, 332617059, 27144
Caitlin Roper, caitlinroper, 65426385, 9479
Alan Yuhas, AlanYuhas, 634700211, 3664
Ellen Gabler, egabler, 19033743, 5240
Andrew LaVallee, andrewlavallee, 813213, 29095
Katie Glueck, katieglueck, 154985728, 31797
Reid J. Epstein, reidepstein, 18772897, 40849
T Magazine, tmagazine, 14575107, 1751249
The Weekly, TheWeekly, 1098649631129591808, 14859
Jessica Grose, JessGrose, 22500188, 25611
NYT Parenting, NYTParenting, 1055824363713376257, 13884
Carol Rosenberg, carolrosenberg, 32129142, 34374
Privacy Project, PrivacyProject, 1110916901310480390, 23227
Annie Karni, anniekarni, 309282144, 146644
Chris Hamby, ChrisDHamby, 196267596, 6406
Nick Casey, caseysjournal, 1611486986, 58439
Hannah Beech, hkbeech, 2354090664, 14909
juliana barbassa, jbarbassa, 22319206, 10491
Katie Benner, ktbenner, 73194395, 79409
Jennifer Valentino-DeVries, jenvalentino, 35757252, 14163
gabriel dance, gabrieldance, 21425450, 12060
Jorge Arangure, jorgearangure, 40144962, 17823
Jack Nicas, jacknicas, 17892496, 31155
John Ismay, johnismay, 637378580, 11900
NYT Elections, nytelections, 872977913250971650, 1133
Veronica Chambers, vvchambers, 275541233, 8902
Kirsten Danis, kirstendanis, 18284987, 3638
ùöçùöòùöçùöäùöí ùöúùöùùöéùö†ùöäùöõùöù, dodaistewart, 30752163, 52753
Azi‚Ñ¢Ô∏è, Azi, 15264675, 35235
Ching-Ching Ni, ccni, 44516132, 9167
Li Yuan, LiYuan6, 394797065, 36978
Raymond Zhong, zhonggg, 212167191, 7674
NYT Fashion, NYTFashion, 16929349, 954951
Christina Goldbaum, cegoldbaum, 1051208190, 9162
Karen Weise, KYWeise, 135758100, 9189
suhasini raj, suhasiniraj, 68167553, 10725
Nicholas Fandos, npfandos, 782806500, 33895
Sheera Frenkel, sheeraf, 20052487, 66057
Kim Murphy, kimmurphy, 19387386, 5832
Michael Keller, mhkeller, 21634541, 7065
Caity Weaver, caityweaver, 191332968, 72631
MJ Franklin, heyitsfranklin2, 228914150, 12502
Kevin Roose, kevinroose, 18816166, 156664
Cecilia Kang, ceciliakang, 16317567, 46389
Maria Abi-Habib, Abihabib, 219017382, 54208
Bedel Saget, BedelSaget, 588608640, 730
Ivan Nechepurenko, INechepurenko, 202333867, 10673
tariq panja, tariqpanja, 63450028, 66913
Matt Futterman, MattFutterman, 87570309, 4933
Ivan Penn, ivanlpenn, 72928579, 5296
Thomas Fuller, thomasfullerNYT, 430697990, 19062
Patricia Mazzei, PatriciaMazzei, 20083388, 31711
Jesse Green, JesseKGreen, 472246750, 6953
Louis Lucero II, Louis_II, 18992876, 2617
Anna Dubenko, AnnaDubenko, 43578692, 5345
Astead, AsteadWesley, 362111287, 234539
Elizabeth Dias, elizabethjdias, 177336591, 30832
Katie Van Syckle, KatieVanSyckle, 191580969, 2528
Lauren Katzenberg, Lkatzenberg, 40945798, 18972
Tina Jordan, TinaJordanNYT, 2329065619, 14740
Matt Stevens, ByMattStevens, 319323976, 8327
Nellie Bowles, NellieBowles, 290890104, 58143
Jonah Bromwich, Jonesieman, 20636428, 8876
Jessica Bennett, jessicabennett, 18149142, 30990
Rebecca Blumenstein, RBlumenstein, 598818721, 14898
Taffy Brodesser-Akner, taffyakner, 27444772, 85322
Jia Lynn Yang, jialynnyang, 85615231, 17829
Johanna Barr, johannabarr, 15187701, 6273
Kevin Draper, kevinmdraper, 321411692, 12545
Jan vaxxed & still masked-up Ransom, Jan_Ransom, 234631693, 6682
megan twohey, mega2e, 2598231787, 63304
Ben Casselman, bencasselman, 16319594, 68488
Jim Tankersley, jimtankersley, 133947893, 42755
Thomas Gibbons-Neff, Tmgneff, 439804287, 47327
Deborah B. Solomon, deborah_solomon, 70725642, 7193
Luis Ferr√©-Sadurn√≠, luisferre, 974233430, 10272
Alexandria Symonds, a_symonds, 272279631, 3146
Ana Swanson, AnaSwanson, 17647477, 21431
Reggie Ugwu, uugwuu, 78956001, 12915
Flynn Stays In, AustenProject, 67348002, 1168
Catherine Porter, porterthereport, 21761071, 12911
Michael Wines, miwine, 101518784, 1881
Marc Santora, MarcSantoraNYT, 106768353, 2519
Audra Burch, abscribe, 75129245, 6431
Livia Albeck-Ripka, livia_ar, 26511235, 4578
Eileen Sullivan, esullivannyt, 19125732, 5084
Rich Harris, Rich_Harris, 19487837, 51986
Marie Tae McDermott, marzietae, 26405276, 1314
Lisa Friedman, LFFriedman, 30927826, 44498
Kenneth P. Vogel, kenvogel, 112526560, 119371
Brian M. Rosenthal, brianmrosenthal, 22089567, 23464
Mark Scott, markscott82, 388947237, 16849
Rory Smith, RorySmith, 137811467, 223979
brad plumer, bradplumer, 15507433, 43986
Peter S. Goodman, petersgoodman, 132630502, 14532
Mujib Mashal, MujMash, 252411597, 173165
Margaret Lyons, margeincharge, 14065750, 17576
Caitlin Dickerson, itscaitlinhd, 390170244, 50819
Miriam Jordan, mirjordan, 372951044, 16701
Raphael Minder, RaphaelMinder, 368305315, 18605
Sapna Maheshwari, sapna, 29054836, 37624
Adam Goldman, adamgoldmanNYT, 21534951, 159284
Amy Fiscus, amyfiscus, 14540264, 20289
Erica L. Green, EricaLG, 22283200, 38892
Linda Qiu, YLindaQiu, 1563531902, 5130
fahima, fahima_haque, 126164853, 5480
The Sweethome, homesweethome, 1099960304, 25575
Wirecutter, wirecutter, 366309158, 117035
Dana Goldstein, DanaGoldstein, 15335662, 42077
Patrick Kingsley, PatrickKingsley, 90464160, 49377
Sopan Deb, SopanDeb, 48120914, 176484
Glenn Thrush, GlennThrush, 19107878, 339584
Bill Hamilton, hamiltonbill, 114551426, 2089
Megan Specia, meganspecia, 52557443, 14059
Morrigan McCarthy, MorriganMcC, 32930870, 4362
erin mccann |, mccanner, 42313640, 18126
Quoctrung Bui, qdbui, 16292617, 4902
Lance Booth, lancekbooth, 54408374, 2635
NYT Reader Center, readercenter, 710185547281637379, 11269
Matt Purdy, mattbpurdy, 453220823, 7680
Niraj Chokshi, NirajC, 17553400, 9051
James Wagner, ByJamesWagner, 16832435, 24414
Amanda Taub, amandataub, 156019120, 21539
Max Fisher, Max_Fisher, 17060020, 136439
John Herrman, jwherrman, 27941766, 24959
Amanda Hess, amandahess, 16222904, 58765
Azam Ahmed, azamsahmed, 3286608716, 29419
Benjamin Weiser, BenWeiserNYT, 4070425990, 18193
Wesley Morris, Wesley_Morris, 59815702, 97183
Twitter Moments, TwitterMoments, 3260518932, 804977
James Poniewozik, poniewozik, 23480093, 104383
Michael Gold, migold, 14403440, 17985
gregwinterNYT, gregfwinter, 2541855991, 3334
Meredith Levien, meredith_levien, 83982039, 10618
Mike McIntire, mmcintire, 28576863, 21089
Mikayla Bouchard, MikaylaBouchard, 249996517, 4246
Ida Bae Wells, nhannahjones, 25598396, 625470
Todd Gregory, ToddGregory, 20754633, 2449
Jazmine Hughes, jazzedloon, 231278352, 43352
Tom WP, tomwp, 1714371, 2558
Anya Strzemien, astrzemien, 303049260, 3952
Laurie Kawakami, lauriekawakami, 1177511551, 2971
Carla Correa, pinkgrammar, 18909502, 8643
Pui-Wing Tam, puiwingtam, 1634629316, 24240
Noam Scheiber, noamscheiber, 249469549, 29094
Francesca Donner, FrancescaDonner, 431907614, 4790
stephanie saul, stefsaul, 522411976, 4464
Gilbert Cruz, gilbertcruz, 30893145, 12163
Billy Witz, billywitz, 37517055, 3378
Rachel Dry, rachel_dry, 121444458, 4632
Alex Burns, alexburnsNYT, 79743108, 224418
NYTimes en Espa√±ol, nytimeses, 2975678883, 578488
Maggie Haberman, maggieNYT, 93069110, 1703627
Wayne Kamidoi, waynekamidoi, 27365410, 2140
Emily Brennan, BrennanEm, 385974828, 2806
Joumana Khatib, joumana_khatib, 886943270, 5564
Jessica Anderson, jesslanderson, 34443638, 2155
NYT Metro, NYTMetro, 15222806, 146404
Nate Schweber, nateschweber, 61579132, 2800
Nicole Herrington, nikkih04, 26775719, 4247
Joe Coscarelli, joecoscarelli, 17768720, 24089
Francesca Barber, francescab, 152970237, 2329
Michelle L. Dozois, michelledozois, 16296246, 4028
Sam Manchester, SaManchester, 505246911, 1823
willy üíß, willystaley, 17974586, 18878
Luke Mitchell, ByLukeMitchell, 115150175, 3009
Sasha Weiss, sashagila, 106637099, 10893
Taylor Adams, TaylorAdams, 17606534, 1177
Jeannie Choi, jeanniechoi, 17489136, 2261
Ar√≠ Isaacman, Ari_Isaacman, 1167842311, 4861
Caryn A. Wilson, CarynAWilson, 75170129, 2996
tannercurtis, tannercurtis, 14546892, 6501
Eric Thayer, ericthayer, 22399352, 2756
Charles Homans, chashomans, 48407302, 7220
Mike Abrams, mikeabramsnyt, 42976117, 3081
Elisabeth Malkin, ElisabethMalkin, 495403231, 7001
Julia Simon, Julseas, 3671721, 2502
Jill Agostino, jillagostino, 130539186, 1773
Hannah Poferl, HannahPoferl, 67521901, 2932
Zachary Woolfe, zwoolfe, 38455115, 12659
Jason Zinoman, zinoman, 47408194, 13506
Aur√©lien Breeden, aurelienbrd, 299294766, 4744
Sheri Fink, sherifink, 217530555, 19587
Liriel Higa, iDiplomacy, 78728798, 4776
Gregory Schmidt, GregoryNYC, 93197442, 2425
penelope green, greenpnyt, 523692041, 3495
Paul Mozur Â≠üÂª∫Âúã, paulmozur, 76347918, 50606
Emily Bazelon, emilybazelon, 28708146, 97967
Mitch Smith, MitchKSmith, 65391293, 9180
Mike Hale, mikehalenyt, 17539807, 3729
Joe Kahn, nycscribe, 191134282, 6648
Rod Nordland, rodnordland, 34374040, 11606
Derek Watkins, dwtkns, 352644923, 4730
Alex MacCallum, alexmaccallum, 157735379, 3616
Jessica Dimson, jessdimson, 2571084145, 2168
Stephanie Goodman, sgoood, 27885663, 2397
Jon Galinsky, JonGalinsky, 277003842, 1333
The New York Times Archives, NYTArchives, 2432213029, 70251
Jim Luttrell, jimluttrell, 23214542, 1609
Christopher Mele, MeleChristopher, 616360824, 3524
mona el-naggar, monaelnaggar, 7595142, 7005
chris wiggins (he/him/his), chrishwiggins, 57187580, 6359
Theodore Kim, TheoTypes, 39800279, 13085
Valeriya Safronova, vsaffron, 51325165, 2910
Ernesto Londo√±o, londonoe, 34245699, 17292
julieturkewitz, julieturkewitz, 249950657, 21681
NYT Forecasts, NYTForecasts, 2446261508, 2750
Sydney Ember, melbournecoal, 29986482, 19956
Haeyoun Park, haeyoun, 28622579, 2355
Daniel Fromson, dfroms, 257553765, 2523
Christina Caron, cdcaron, 15576754, 3526
katie rosman, katierosman, 18083797, 33634
Kenneth Chang, kchangnyt, 2463358249, 9599
Amy Qin, amyyqin, 145711769, 52395
Kellen Henry, kellenhenry, 14315631, 1640
Manny Fernandez, mannyNYT, 554205029, 12044
David Philipps, David_Philipps, 266136066, 9628
Herbert Buchsbaum, herbertnyt, 2317824895, 5530
Ruth Fremson, rfremson, 19491536, 2457
ben protess, benprotess, 99655992, 2309
Patrick J. Lyons, patlyonsnyt, 2559729506, 3131
Christoph Fuhrmans, CFuhrmans, 399201012, 2761
Ceylan Yeginsu, CeylanWrites, 118713871, 47885
Bill Wasik, billwasik, 16809794, 8822
Steven McElroy, stevenmcelroy, 46799665, 1142
Alexandra Alter, xanalter, 77056184, 14472
Blue Subscription, bluesubcription, 2530077547, 9875
Ken Belson, el_belson, 1138559328, 3935
rat king, MikeIsaac, 19040598, 172630
Conor Dougherty, ConorDougherty, 105534413, 16627
Andrew E. Kramer, AndrewKramerNYT, 399452621, 9317
Ian Trontz, IanTrontz, 385052743, 4154
NYT Now, NYTNow, 1872590082, 21053
Margot Sanger-Katz, sangerkatz, 370113964, 52569
Emily Steel, emilysteel, 7433772, 61904
Kim Barker, Kim_Barker, 24146296, 14183
Richard Fausset, RichardFausset, 306527400, 9244
Dan Levin, globaldan, 17995528, 6364
marc tracy, marcatracy, 61108556, 13960
Brent Staples, BrentNYT, 2439177534, 50454
Anthony Tommasini, TommasiniNYT, 2478792504, 9565
Karen Workman, KarenWorkman, 127954611, 3637
Matt Twomey, Matt_Twomey, 1170234294, 1754
Kathleen A Flynn, flynnkaNYT, 2382608569, 2422
sean alfano, sjalfano, 453409807, 1445
Douglas Alteen, doug_alteen_nyt, 437860349, 2913
Julie Davis, juliehdavis, 237477771, 129259
Alexandra Jacobs, AlexandraJacobs, 353847680, 11575
Katie Rogers, katierogers, 14116915, 75199
Alan Rappeport, arappeport, 14480378, 26000
Dionne Searcey, dionnesearcey, 257142675, 12912
Jake Silverstein, jakesilverstein, 21056978, 31965
Bruce Levine, brucenytimes, 2358244638, 753
Alicia Parlapiano, aliciaparlap, 633166200, 4500
William J. Broad, WilliamJBroad, 315142011, 6281
Rick Rojas, RaR, 18916926, 11076
Vanessa Friedman, VVFriedman, 28175824, 176365
Peter Catapano, petercatapano, 20454297, 2909
Jaime Swanson, Jaime_Elizabeth, 15990038, 2142
Adeel Hassan, adeelnyt, 2343678498, 3658
Andrew Keh, andrewkeh, 39379075, 10712
Rukmini Callimachi, rcallimachi, 30699754, 372921
Josh Katz, jshkatz, 1427982906, 8122
Samantha Stark, starksamantha, 71320032, 10416
Alan Blinder, alanblinder, 33391760, 19252
Mike Forsythe  ÂÇÖÊâçÂæ∑, PekingMike, 217304598, 177140
Eric Lipton, EricLiptonNYT, 375662595, 182085
Russell Goldman, GoldmanRussell, 20156726, 3551
Royal, aroyalbox, 935171022, 2594
Austin Ramzy, austinramzy, 45808079, 112333
Jessica Lustig, jessicalustig, 76343911, 14734
Jill Rayfield, jillrayfield, 62032351, 2531
(‚åê‚äô_‚äô), daviderwin, 17367664, 855
Joe Hart, _joeybones, 828068090, 2040
sobia, sobiaali, 15611246, 2303
Deep Kapadia, durple, 9797342, 992
Jessica Kosturko (she/her), JessicaKosturko, 958412792, 760
mlouttit, mlouttit, 12594742, 2435
V√©ronique Brossier, v3ronique, 17877879, 1829
torbennyc, torbennyc, 16951059, 546
Mark Paul Keefe, mpkeefe, 29375506, 658
Matt Ruby, matthew_ruby, 97682949, 971
Lian Chang, lianbeans, 2351831, 920
Daniel Jones, danjonesnyt, 1858027897, 13578
Joel Petterson, j_petter, 47769497, 1330
Andrew Stanfill, madshrew, 18950645, 2591
Stephen Castle, _StephenCastle, 336020675, 6297
Suzanne Daley, suzannedaley, 255944294, 1642
Adam Fusfeld, afusfeld, 199020514, 2072
Michael Corkery, mcorkery5, 132241885, 5561
Annie Correal, anniecorreal, 48023374, 11231
Chris Buckley ÂÇ®Áôæ‰∫Æ, ChuBailiang, 19383099, 169577
John Koblin, koblin, 37269308, 19042
Neil Irwin, Neil_Irwin, 156016878, 91651
Carlotta Gall, carlottagall, 234087403, 18828
Matt Apuzzo, mattapuzzo, 15586316, 32947
Nikita Stewart, kitastew, 51229210, 8975
Jennifer Szalai, jenszalai, 267308226, 19482
Mark Mazzetti, MarkMazzettiNYT, 168684891, 68465
NYT 4th Down Bot, NYT4thDownBot, 1977579223, 22904
Sharon LaFraniere, SharonLNYT, 102658187, 9187
Justine Makieli, JustineMakieli, 17659329, 2581
Nelson D. Schwartz, NelsonSchwartz, 526633940, 4934
Justin Wolfers, JustinWolfers, 327577091, 207799
Nate Cohn, Nate_Cohn, 463765807, 485214
Amanda Cox, amandacox, 22723307, 10023
Melissa Eddy, meddynyt, 23741868, 10105
Clifford Krauss, ckrausss, 39086606, 8353
NYT Digital Design, nytdesign, 148099654, 5836
Jill Taylor, jtaylornyt, 267328866, 1881
Dave Renard, drenard, 45749162, 1455
Jane Perlez, JanePerlez, 868358876, 17830
Ian Austen, ianrausten, 946677414, 11051
Wilson Andrews, wilsonandrews, 35644661, 3877
Rachel C. Abrams, RachelAbramsNY, 237453428, 12299
Danielle Ivory, danielle_ivory, 14412101, 9170
Coral Davenport, CoralMDavenport, 48075643, 56791
Jonah M. Kessel, jonah_kessel, 20946110, 9712
Matthew Goldstein, MattGoldstein26, 383207452, 16400
Alicia DeSantis, aliciadesantis, 262968760, 1178
Reyna Desai, reynadesai, 183639717, 2344
Celia W. Dugger, celiadugger, 1337490036, 6317
Alexandra Garcia, garcia_alexndra, 37247374, 4571
Jason Horowitz, jasondhorowitz, 87584353, 23143
Salman Masood, salmanmasood, 24199781, 80522
Susan Ellingwood, ellingwood, 22834340, 3374
Clay Risen, risenc, 85142160, 6290
Natalie Shutler, NatalieShutler, 240790984, 4075
Scott Cacciola, ScottCacciola, 131277152, 13303
David Moll, moll_david, 334733583, 2445
Larry Buchanan, larrybuch, 27799349, 4126
Whitney Richardson, Whitney_Rich, 133770568, 2975
Chris Stanford, stanfordc, 14872551, 3187
Nathaniel Popper, nathanielpopper, 52160722, 45094
Maggie Astor, MaggieAstor, 326562333, 20899
Rumsey Taylor, iamrumz, 17452080, 1288
Steven Lee Myers, stevenleemyers, 33915226, 17091
Anne Barnard, ABarnardNYT, 249013720, 73718
Malina Gilchrist, Malinagilchrist, 1201619390, 1574
Dagny Salas, dagnysalas, 61384123, 4131
Zach Johnk, zachjohnk, 279655313, 1504
Jessica Silver-Greenberg üïµüèª‚Äç‚ôÄÔ∏è, jbsgreenberg, 165177737, 11168
Roberta Smith, robertasmithnyt, 123374553, 52773
Josh Keller, joshkellerjosh, 37862759, 3668
Margaux Laskey, margauxlaskey, 41118043, 970
Stacy Cowley, StacyCowley, 147967582, 6841
David Barstow, DavidBarstow, 17809607, 12916
Katrin Bennhold, kbennhold, 141545751, 19881
James G. Robinson, JamesGRobinson, 373729837, 2303
Kate Zernike, kzernike, 115505593, 5654
David Streitfeld, DavidStreitfeld, 409462343, 4501
Karen Yourish, karenyourish, 18528216, 6458
Steve Kenny, nytstevek, 1483971788, 2589
David Waldstein, DavidWaldstein, 69892375, 9010
Alexandra Stevenson, jotted, 269399083, 19394
David Gelles, dgelles, 3630501, 19001
Dean Chang, dchangnyt, 372386913, 6419
Pam Belluck, PamBelluck, 95273012, 10271
Barbara Strauch, bstrauch, 135117679, 1594
Dennis Overbye, overbye, 16258157, 4971
Patrick McGeehan, NYTpatrick, 67418458, 2395
Liz Gerecitano, lizgerecitano, 238282392, 388
Ben Grandgenett, bengrandgenett, 66144864, 3333
kathleen lingo, KLL5, 35286407, 2702
Jonathan Martin, jmartNYT, 18678924, 325610
Á∫ΩÁ∫¶Êó∂Êä•‰∏≠ÊñáÁΩë, nytchinese, 620632841, 1705272
karen zraick, karenzraick, 43230234, 5900
Natasha Singer, natashanyt, 333517999, 11780
Kayne Rogers, KayneRogers, 1347226375, 2480
Dan Bilefsky, DanBilefsky, 273581084, 15102
Karron Skog, karronskog, 41940910, 776
Ben üò∑ Hubbard, NYTBen, 299734693, 56197
rebecca corbett, rlccorbett, 1378279770, 373
Noel Millea, NoelMillea, 876114956, 1873
Jim Kerstetter, jimkerstetter, 281196299, 3545
Jacob Bernstein, BernsteinJacob, 462424772, 15039
Jonathan Corum, 13pt, 347276428, 8294
Emma Cott, EmmaCottNYT, 871989314, 2807
Patrick Healy, patrickhealynyt, 139870125, 26205
Alissa J. Rubin, Alissanyt, 387531939, 13590
Brian Fidelman, brianfidelman, 57713065, 423
Shaila Dewan, shailadewan, 94213060, 6518
Jeffrey Gettleman, gettleman, 305125998, 29150
Isabel Kershner, IKershner, 1280318305, 6695
Scott Blumenthal, blumysden, 772323, 871
Stephen Crowley/crowleygraph, Stcrow, 24715018, 8494
Glenn Kramon, GlennKramon, 1247237509, 1135
Kaly Soto, kalyTsoto, 15238841, 1796
anahad oconnor, anahadoconnor, 20384034, 8641
Gregory Cowles, GregoryCowles, 1225954434, 9649
elisabetta povoledo, EPovoledo, 382734543, 6334
Laurie Goodstein, lauriegnyt, 460408325, 18393
Florence Fabricant, FloFab, 1184637614, 7053
Benjamin Hoffman, BenHoffmanNYT, 436347713, 4643
Jan Hoffman, JanHoffmanNYT, 135991884, 3603
Sarah Bures, sarahbures, 55931030, 1270
Jennifer Contogeorgos, jlambrini, 63320711, 502
Frances Robles, FrancesRobles, 26336913, 25137
carolynryan üè≥Ô∏è‚Äçüåàüèì, carolynryan, 15908429, 42907
Kassie Bracken, KassieBracken, 569194982, 2565
Russ Buettner, russbuettner, 39581173, 19983
barbara graustark, bagrau, 26293094, 2475
Sabrina Tavernise, stavernise, 208163898, 13132
Nicole Perlroth, nicoleperlroth, 13404292, 79510
Ellen Barry, EllenBarryNYT, 199766003, 45279
Three-shots Bussit üíâ üíâüíâ (n√©e Ashley $Southall), AshleyAtTimes, 18450088, 8220
Sam Roberts, samrob12, 39317107, 4621
Andrea Elliott, andreafelliott, 351768289, 7762
Maira Garcia, mairalg, 15062129, 5552
David Halbfinger, halbfinger, 39574433, 9566
Philip B. Corbett, CorbettNYT, 404911747, 1100
Matt Flegenheimer, mattfleg, 218276360, 19266
Michael Strickland, moriogawa, 15521258, 1570
Hanna Ingber, HannaIngber, 87986621, 10456
Sona Patel, sona, 15245975, 12808
Heather Tal Murphy, heathertal, 18507983, 5162
Adam B. Ellick, aellick, 42467881, 9591
Thomas Erdbrink, ThomasErdbrink, 253004443, 99865
Kathy Ryan, ryan_kathy, 633726625, 17507
melissa clark, MelissaClark, 49943475, 109628
Ashwin Seshagiri, winguero, 47469109, 1476
Joe Goldstein, JoeKGoldstein, 713369978, 4401
rickgladstone, rickgladstone, 17914013, 9858
Steve Eder, SteveEder, 120185048, 8406
Steven Erlanger, StevenErlanger, 429685724, 25290
Christine Hauser, christineNYT, 241169811, 3815
jason stallman, jstallman, 16459757, 458
NYT News Research, NYTResearch, 326381630, 1289
Alan Cowell, cowellcnd, 245716552, 2865
Douglas Schorzman, DougSchorzman, 353263514, 2794
James B. Stewart, JamesStewartNYT, 400344850, 14074
helene cooper, helenecooper, 17601988, 19612
Gail Bichler, GailBichler, 394336510, 17542
Robert Pear, ropear, 135713596, 1813
James Gorman, jimgorman, 14325025, 4014
Karen Barrow, KarenBBarrow, 247359669, 3738
jack healy, jackhealyNYT, 373791638, 16460
Jonathan Weisman, jonathanweisman, 21768766, 66164
Sid Acker, siddharma, 127791708, 1903
Marie Tessier, Suffragist, 106444076, 1510
Steven Reddicliffe, reddicliffenyt, 714697231, 2328
Peter Khoury, pkhoury_nyt, 353239744, 4000
James McKinley Jr, jamesmckinleyjr, 32129706, 1389
Joe Ward, wardnyt, 705082592, 1751
Vivian Yee, VivianHYee, 346083895, 23540
David Brooks, nytdavidbrooks, 633980404, 250281
Andrew Das, AndrewDasNYT, 376874857, 17497
Des Shoe, DesNYT, 613714169, 3270
Not That John Williams, johnwilliamsnyt, 74558185, 16451
Norimitsu Onishi, onishinyt, 577685565, 7554
Eric Schmitt, EricSchmittNYT, 341118458, 49178
James Thomas, nerdishtendency, 483688818, 1245
Andrew Jacobs, AndrewJacobsNYT, 189244927, 17062
Ian Johnson, iandenisjohnson, 91069414, 47136
Philip P. Pan, panphil, 43289988, 77968
Jonathan Ansfield, jansfield, 54148929, 1172
Andrea Kannapell, AKannapell, 429455200, 2705
Susanna Timmons, STimmonsLA, 220533855, 1572
Parul Sehgal, parul_sehgal, 437235053, 52356
Daniel Victor, bydanielvictor, 11545652, 25752
NYT Graphics, nytgraphics, 86640232, 181181
Hannah Fairfield, hfairfield, 25096930, 13372
Peter Baker, peterbakernyt, 123327472, 578939
Shreeya Sinha, ShreeyaSinha, 55190116, 17847
Paul Sullivan, sullivanpaul, 18490480, 4770
Margaret Ho, mwho, 22872168, 1203
Marc Lavallee, lavallee, 1903371, 2562
Jeremy White, blueshirt, 1838791, 2391
tiÔ¨Äehr, tiffehr, 772759, 3025
Melissa Hoppert, MHoppertNYT, 135215435, 4126
Hari Kumar, HariNYT, 450577886, 13928
Eileen Murphy, NYTeileen, 250765341, 3910
Benoit Denizet-Lewis, BenoitDLewis, 51530226, 4972
Brian X. Chen, bxchen, 14366976, 32297
David D. Kirkpatrick, ddknyt, 19113435, 60557
Julia Moskin, juliamoskin, 15309384, 40908
Albert Sun, albertsun, 2341001, 2628
John Fisher Burns, johnfisherburns, 80829085, 2793
Emma G. Fitzsimmons, emmagf, 16463786, 21261
Jo Becker, Jo_Becker, 74762619, 10790
Mick Sussman, micksussman, 15963468, 1276
Malia Wollan, mwollan, 39621239, 3033
Simon Romero, viaSimonRomero, 122792963, 33076
jimrutenberg, jimrutenberg, 255347566, 37127
Dean E. Murphy, deanemurphy, 92409158, 4695
Suzanne Spector, SuzanneSpecNYT, 297071736, 4193
Michael Slackman, meslackman, 48377263, 24204
Kirk Semple, KirkSemple, 35869256, 8961
Nick Corasaniti, NYTnickc, 269448653, 28425
Jon Caramanica, joncaramanica, 41310247, 46299
Libby Gery, libatiqua, 6741982, 1250
Joanna Nikas, joannanikas, 22056037, 3042
Kirk Johnson, kljohnso, 21417247, 3876
Campbell Robertson, campbellnyt, 369089298, 8881
Jennifer Schuessler, jennyschuessler, 131315938, 10191
Adrienne Carter, adriennecarter, 29475191, 4177
Matthew Rosenberg, AllMattNYT, 47960267, 48327
Declan Walsh, declanwalsh, 21734241, 153935
Tyler Hicks, TylerHicksPhoto, 381646547, 42875
Connor Ennis, EnnisNYT, 382217070, 6785
Jacky Myint, jmyint, 2325431, 1785
Gerry Mullany, gerrymullany, 355671913, 3763
Peter Sigal, pasigal, 92119359, 781
Michael Kimmelman, kimmelman, 326834507, 31426
Somini Senguptaü•≠, SominiSengupta, 326369670, 29578
Michael Schwirtz, mschwirtz, 29478953, 11994
Sam Dolnick, samdolnick, 305005427, 18484
lillllllllllie, lillllllllllie, 375367337, 637
Rick Lyman, ricklyman, 27729889, 2126
Jim Yardley, JimBYardley, 339824133, 13579
Rebecca R. Ruiz, RebeccaRuiz, 15593561, 5979
Josh Haner, joshhaner, 22410909, 3172
Josh Williams, sjwilliams, 15369869, 3208
Jon Huang, huang_apiaries, 255392715, 1864
Hilary Howard, HilaryNYC, 26809626, 2188
Roger Cohen, NYTimesCohen, 157009365, 79507
Rachel Swarns, rachelswarns, 40375110, 15140
Trip Gabriel, tripgabriel, 39245720, 36813
Sia Michel, siamichel, 34494824, 4602
Jeremy Egner, jegner, 9710612, 4624
Justin Swanson, ejswanso, 13644362, 1585
Robert Gebeloff, gebeloffnyt, 314301334, 3681
Talya Minsberg, tminsberg, 17164414, 7728
Aimee Harris, HarrisAimee, 351944380, 1716
Kate Taylor, katetaylornyt, 167411876, 13668
Patrick Farrell, farrellnyt, 28439828, 3158
Dean Baquet, deanbaquet, 373437924, 30853
Katharine Q. Seelye, kseelye, 7140202, 6720
Alan Feuer, alanfeuer, 32551884, 42760
Elisabeth Bumiller, BumillerNYT, 147666113, 11107
Mark Landler, MarkLandler, 120233868, 52026
Alex Williams, AlexwilliamsNYC, 34196922, 5225
Peter Ng, petersng, 1634051, 936
Neil Genzlinger, genznyt, 369684457, 3457
Ginia Bellafante, GiniaNYT, 369123575, 11984
Amy Chozick, amychozick, 119491006, 57654
New York Times Live, NYTupdates, 323468251, 88873
donofrio, donofrio, 7612712, 279
NYT Obituaries, NYTObits, 16929470, 139775
John Eligon, jeligon, 29752603, 23912
Adam Nagourney, adamnagourney, 339332911, 27733
Dick Stevenson, dickstevenson, 243840731, 8821
Daniel E. Slotnik, DSlotnik, 339719556, 2824
Rogene Jacquette, Rogene, 15716291, 3132
Doug Mills, dougmillsnyt, 87761810, 88416
Kitty Bennett, kitty_bennett, 15133502, 2973
Dan Barry, DanBarryNYT, 262937086, 20935
NYTimes Wordplay, NYTimesWordplay, 273668513, 35336
Elaine Sciolino, ElaineSciolino, 291783943, 5175
Pamela Paul, PamelaPaulNYT, 294258287, 72435
Jonathan Mahler, jonathanmahler, 109134468, 8174
Neil MacFarquhar, NeilMacFarquhar, 243798637, 16497
Kevin Sack, ksacknyt, 318502583, 3360
Michael Wilson, MWilsonNYT, 19560540, 4776
Danny Hakim, dannyhakim, 74519287, 11827
Liam Stack, liamstack, 133929829, 52260
Christopher Clarey üá∫üá∏ üá´üá∑ üá™üá∏, christophclarey, 238088181, 60609
Bryan Denton, bdentonphoto, 213397244, 8336
Susan Dominus, susandominus, 32702382, 8212
A.G. Sulzberger, AGSNYT, 85351514, 3756
Susanne Craig, susannecraig, 182545611, 101437
Michael Powell, powellnyt, 301012485, 22099
Gina Lamb, ginahoslerlamb, 244997595, 1964
Kevin Granville, kevingranville, 251679630, 1749
Meaghan Looram, mlooram, 245447064, 4332
Amy Virshup, amyvirshup, 16911536, 9849
Michael Barbaro, mikiebarb, 282545479, 287814
NYTimes R&D, NYTimesRD, 673953, 12499
Eduardo Porter, portereduardo, 214641138, 11287
EleanorRandolph, EleanorRandolph, 14861368, 3835
NYT Customer Care, NYTCare, 267335725, 3635
Robin Pogrebin, rpogrebin, 175436190, 15642
Keith Bradsher, KeithBradsher, 161813561, 33700
Sarah Maslin Nir, SarahMaslinNir, 24134103, 22313
Marc Lacey, marclacey, 14850098, 23813
Nick Confessore, nickconfessore, 258885469, 212027
WmFerguson, WmFerguson, 16028003, 1264
Eric Owles ü¶â, owlese, 8041772, 2096
Joe Drape, joedrape, 23196748, 9303
Juliet Macur, JulietMacur, 18554022, 18940
Hiroko Tabuchi, HirokoTabuchi, 8442372, 137498
Tyler Kepner, TylerKepner, 46593413, 79531
Jaymin Patel, jayminkapish, 14055025, 697
EdwardBohan, EdwardBohan, 15906540, 552
Elisabeth Goodridge, ElisGoodridge, 25362797, 4379
john leland, johnleland, 21661593, 4405
Erik Eckholm, eckholm, 32147994, 3379
Eric Asimov, EricAsimov, 27716402, 81404
Tom Kuntz, TomKuntzNYT, 163922836, 879
David Sanger, SangerNYT, 168674628, 100655
Tara Siegel Bernard, tarasbernard, 42984750, 18523
Claire Cain Miller, clairecm, 17877122, 48764
Monica Drake üëãüèæ, monicadrake, 18057243, 12676
Guy Trebay, GuyTrebay, 75085858, 11381
Ben Shpigel, benshpigel, 46758606, 11171
Michael S. Schmidt, nytmike, 17436250, 246511
Richard Sandomir, RichSandomir, 16055024, 20596
John Branch, JohnBranchNYT, 33668650, 16857
Gina Kolata, ginakolata, 82683644, 25551
Henry Fountain, henryfountain, 17845620, 9987
Peter Blair, pblairNYT, 135574894, 1756
Matt Richtel, mrichtel, 4527941, 6347
Brooks Barnes, brooksbarnesNYT, 62860671, 13881
Mary Ann Giordano, magiorNY, 21123640, 2801
Richard Perez-Pena, perezpena, 28138045, 4442
Sharon Otterman, sharonNYT, 167087610, 3373
Randy Archibold, randyNYT, 14849284, 10528
Abby Goodnough, abbygoodnough, 196186298, 22854
Monica Davey, monicadavey1, 153836083, 9360
jennifer steinhauer, jestei, 16441088, 15995
Cliff Levy, cliffordlevy, 54885334, 38941
Snigdha Koirala, snigdhak, 21397149, 1523
Michael Cooper, coopnytimes, 65431946, 15735
Jim Dao, jimdao, 18790963, 10262
Adam Liptak, adamliptak, 29607664, 87711
Sarah Lyall, sarahlyall, 40200549, 26018
David Gonzalez, dgbxny, 104352678, 5564
Kim Severson, kimseverson, 16588095, 104580
Mekado Murphy, mekadomurphy, 101247760, 4085
Emily Weinstein, emilyweinstein, 14401912, 5131
Todd Heisler, heislerphoto, 63345416, 10669
Jennifer Medina, jennymedina, 23979328, 18110
Thomas Feyer, tomfeyer, 26355341, 4255
Michael Roston, michaelroston, 16194566, 16173
Serge Kovaleski, sergenyt, 216495966, 15777
Catrin Einhorn, CatrinEinhorn, 16380238, 5450
Cara Buckley, caraNYT, 198241550, 11383
Elizabeth A. Harris, Liz_A_Harris, 59599859, 7237
Anemona Hartocollis, anemonanyc, 85859613, 5141
diego ribadeneira, drtimes, 30508149, 2797
Michael M. Grynbaum, grynbaum, 19570075, 44712
Michael D. Shear, shearm, 14552725, 116832
David W. Chen, davidwchen, 17389023, 13047
Vivian Toy, VivianSToy, 67631479, 7230
Pete Wells, pete_wells, 18228075, 136462
Jesse McKinley, jessemckinley, 16046443, 24340
Katie Thomas, katie_thomas, 18318642, 10676
Amy Harmon, amy_harmon, 16227629, 23679
Michael Paulson, MichaelPaulson, 22320759, 20759
Rich Meislin, meislin, 14406465, 925
Brent McDonald, docubrent, 252903200, 5809
Ham Boardman, nytham, 132631769, 3048
Daniel Wakin, danwakin, 77004462, 5929
Ben Sisario, sisario, 14179132, 12317
Jon Pareles, JonPareles, 80764810, 16224
Lorne Manly, lmanly12, 76684897, 1354
Dave Itzkoff, ditzkoff, 81482674, 245396
Scott Heller, hellerNYT, 75782383, 8512
Patricia Cohen, PatcohenNYT, 80663193, 9684
Edward Wong, ewong, 39030654, 129382
Nicholas Kulish, nkulish, 38829617, 8454
jeff sommer, jeffsommer, 17525611, 6592
Motoko Rich, motokorich, 52089472, 44141
Kevin McKenna, kemcke, 32138947, 2272
Steve Lohr, SteveLohr, 62316970, 21256
Ron Lieber, ronlieber, 37718165, 35051
Mark S. Getzfred, marknyt, 39044325, 4133
Graham Bowley, Graham_Bowley, 137414410, 6513
Julie Bosman, juliebosman, 29263488, 44345
Vikas Bajaj, vikasbajaj, 33338729, 24923
Tim Arango, tarangoNYT, 117460060, 19093
Archie Tse, archietse, 28128198, 5937
Julie Walton Shaver, jwsphoto, 15777728, 1285
Matthew Ericson, mericson, 4071761, 5018
Steve Duenes, Duenes, 23994034, 7443
Sam Anderson, shamblanderson, 107857325, 20653
Julie Bloom, Julesm_b, 24051028, 9883
Kevin Quealy, KevinQ, 19671465, 11471
Corey Kilgannon, coreykilgannon, 72667138, 6092
melena ryzik, melenar, 16915103, 6362
Thomas Kaplan, thomaskaplan, 31053563, 91940
Dwight Garner, DwightGarner, 19714682, 56612
Nick Fox, NickFoxNYT, 34231471, 4416
John Schwartz, jswatz, 11179192, 34620
David Leonhardt, DLeonhardt, 168295477, 155884
Tyson Evans, tysone, 5273561, 4775
Brian Hamman, hamman, 14206869, 3023
Sam Sifton, SamSifton, 27696993, 181083
J. David Goodman, jdavidgoodman, 16395525, 16211
C.J. Chivers, cjchivers, 189180763, 73214
Jeremy W. Peters, jwpetersNYT, 163598915, 63696
katephillips, katephillips, 15950882, 3962
Frank Bruni, FrankBruni, 37291805, 357925
Charlie Savage, charlie_savage, 16172747, 81784
Jodi Kantor, jodikantor, 15891430, 125165
Carl Hulse, hillhulse, 138479037, 44955
Mark Leibovich, MarkLeibovich, 147649517, 59926
Sheryl Gay Stolberg, SherylNYT, 95270375, 33070
32 across, aoscott, 109275829, 145246
NYT Developers, nytdevs, 18941591, 7211
JamesEstrin, JamesEstrin, 16295907, 44749
Katherine Schulten, KSchulten, 14624523, 8602
NYT Learning Network, NYTimesLearning, 87502961, 34119
Damien Cave, damiencave, 15840979, 26740
Thomas L. Friedman, tomfriedman, 59157393, 934045
Maureen Dowd, maureendowd, 59145948, 690738
NYTimes Travel Show, NYTTravelShow, 57046177, 29461
NYTimesRecruit, NYTimesRecruit, 16439603, 9096
Michael de la Merced, m_delamerced, 9089942, 14546
Ray  Krueger, ray_krueger, 39434755, 5029
TimesTalks, TimesTalks, 50360181, 24176
Tara Parker-Pope, taraparkerpope, 26929440, 42808
Cynthia Collins, NYCcyn, 14463927, 6848
Stephanie Rosenbloom, stephronyt, 14518765, 12728
Bill Pennington, BPenningtonNYT, 29205301, 5151
Dan Saltzstein, dansaltzstein, 37104983, 25833
Emily Rueb, Rueby, 21416856, 7090
NYT Real Estate, nytrealestate, 17025613, 125671
Andrew Ross Sorkin, andrewrsorkin, 33792634, 894731
Bill Pennington, billmpennington, 28631509, 9300
NYT Theater, nytimestheater, 16929282, 145641
Well Family, WellFamilyNYT, 17026041, 79791
Paul Krugman, paulkrugman, 17006157, 4620849
Gail Collins, gailcollins, 17004139, 63537
The Upshot, UpshotNYT, 16955870, 250965
DealBook, dealbook, 16955517, 123077
NYT At War, NYTimesAtWar, 16954241, 46714
New York Times Books, nytimesbooks, 1434251, 5564940
NYT Styles üíñ, NYTStyles, 1879831, 671180
NYT Business, nytimesbusiness, 1754641, 828290
NYT Cooking and Food, nytfood, 1775731, 1423309
Andy Newman, andylocal, 20095865, 16062
Jenna Wortham, jennydeluxe, 10454572, 699128
The Frugal Traveler, frugaltraveler, 14237001, 453100
Tom Jolly, TomJolly, 12685742, 24627
Javier C. Hern√°ndez, HernandezJavier, 23836537, 23389
Vindu Goel, vindugoel, 10755542, 21738
Nicholas Kristof, NickKristof, 17004618, 2013843
NYTimes Communications, NYTimesPR, 15829144, 79964
Patrick LaForge, palafo, 2020351, 36763
NYT Climate, nytclimate, 14603515, 109673
NYT Politics, nytpolitics, 14434063, 514657
